--
-- PostgreSQL database dump
--

--CUSTOMER
INSERT INTO public.customer (customer_id, branch_id, unique_key, type_document_id, document_id, first_name, last_name, gender, birth_date, email_address, creation_date, activation_date, last_modified_date, state, closed_date, comments, version) VALUES (1, 6, 'abc1', 'CID', '1745797452', 'Angel', 'Torres', 'M', '1975-08-10', 'angeltorres@example.com', '2023-06-15 10:30:00', '2023-06-16 09:00:00', '2023-06-16 09:00:00', 'ACT', '2024-06-30 00:00:00', 'ckliente regular', 1);
INSERT INTO public.customer (customer_id, branch_id, unique_key, type_document_id, document_id, first_name, last_name, gender, birth_date, email_address, creation_date, activation_date, last_modified_date, state, closed_date, comments, version) VALUES (2, 1, 'abc123', 'RUC', '20301067001', 'John', 'Doe', 'M', '1975-08-10', 'johndoe@example.com', '2023-06-15 10:30:00', '2023-06-16 09:00:00', '2023-06-16 09:00:00', 'ACT', '2024-06-30 00:00:00', 'Cliente regular', 1);
INSERT INTO public.customer (customer_id, branch_id, unique_key, type_document_id, document_id, first_name, last_name, gender, birth_date, email_address, creation_date, activation_date, last_modified_date, state, closed_date, comments, version) VALUES (3, 2, 'ghi789', 'RUC', '20501098123', 'David', 'Johnson', 'M', '1990-02-20', 'davidjohnson@example.com', '2023-06-15 13:00:00', '2023-06-15 13:00:00', '2023-06-15 13:00:00', 'ACT', '2023-10-31 00:00:00', 'Nuevo cliente', 1);
INSERT INTO public.customer (customer_id, branch_id, unique_key, type_document_id, document_id, first_name, last_name, gender, birth_date, email_address, creation_date, activation_date, last_modified_date, state, closed_date, comments, version) VALUES (4, 3, 'mno345', 'RUC', '20102030405', 'Michael', 'Davis', 'M', '1984-07-15', 'michaeldavis@example.com', '2023-06-15 15:30:00', '2023-06-15 15:30:00', '2023-06-15 15:30:00', 'ACT', '2023-09-30 00:00:00', 'Cliente preferente', 1);
INSERT INTO public.customer (customer_id, branch_id, unique_key, type_document_id, document_id, first_name, last_name, gender, birth_date, email_address, creation_date, activation_date, last_modified_date, state, closed_date, comments, version) VALUES (6, 1, 'stu901', 'CID', '20301067001', 'James', 'Miller', 'M', '1978-01-25', 'jamesmiller@example.com', '2023-06-15 18:00:00', '2023-06-15 18:00:00', '2023-06-15 18:00:00', 'ACT', '2023-12-31 00:00:00', 'Cliente regular', 1);
INSERT INTO public.customer (customer_id, branch_id, unique_key, type_document_id, document_id, first_name, last_name, gender, birth_date, email_address, creation_date, activation_date, last_modified_date, state, closed_date, comments, version) VALUES (7, 5, 'yzab56', 'CID', '20102030405', 'Benjamin', 'Martinez', 'M', '1991-03-12', 'benjaminmartinez@example.com', '2023-06-15 20:30:00', '2023-06-15 20:30:00', '2023-06-15 20:30:00', 'ACT', '2023-09-30 00:00:00', 'Cliente regular', 1);
INSERT INTO public.customer (customer_id, branch_id, unique_key, type_document_id, document_id, first_name, last_name, gender, birth_date, email_address, creation_date, activation_date, last_modified_date, state, closed_date, comments, version) VALUES (8, 1, 'vwx234', 'CID', '1898765432', 'Olivia', 'Garcia', 'F', '1987-06-20', 'oliviagarcia@example.com', '2023-06-15 19:15:00', '2023-06-15 19:15:00', '2023-06-15 19:15:00', 'ACT', '2023-11-30 00:00:00', 'Cliente preferente', 1);
INSERT INTO public.customer (customer_id, branch_id, unique_key, type_document_id, document_id, first_name, last_name, gender, birth_date, email_address, creation_date, activation_date, last_modified_date, state, closed_date, comments, version) VALUES (9, 1, 'def456', 'CID', '1712345678', 'Jane', 'Smith', 'F', '1982-03-15', 'janesmith@example.com', '2023-06-15 11:45:00', '2023-06-15 11:45:00', '2023-06-15 11:45:00', 'ACT', '2023-12-31 00:00:00', 'Cliente VIP', 1);
INSERT INTO public.customer (customer_id, branch_id, unique_key, type_document_id, document_id, first_name, last_name, gender, birth_date, email_address, creation_date, activation_date, last_modified_date, state, closed_date, comments, version) VALUES (10, 5, 'cde789', 'CID', '1912345678', 'Isabella', 'Lopez', 'F', '1989-09-05', 'isabellalopez@example.com', '2023-06-15 21:45:00', '2023-06-15 21:45:00', '2023-06-15 21:45:00', 'ACT', '2023-12-31 00:00:00', 'Cliente preferente', 1);
INSERT INTO public.customer (customer_id, branch_id, unique_key, type_document_id, document_id, first_name, last_name, gender, birth_date, email_address, creation_date, activation_date, last_modified_date, state, closed_date, comments, version) VALUES (11, 6, 'fgh012', 'CID', '20301067002', 'William', 'Taylor', 'M', '1983-04-08', 'williamtaylor@example.com', '2023-06-15 23:00:00', '2023-06-15 23:00:00', '2023-06-15 23:00:00', 'ACT', '2023-12-31 00:00:00', 'Cliente regular', 1);
INSERT INTO public.customer (customer_id, branch_id, unique_key, type_document_id, document_id, first_name, last_name, gender, birth_date, email_address, creation_date, activation_date, last_modified_date, state, closed_date, comments, version) VALUES (12, 1, 'ijk345', 'CID', '1998765432', 'Sofia', 'Adams', 'F', '1981-10-17', 'sofiaadams@example.com', '2023-06-16 00:15:00', '2023-06-16 00:15:00', '2023-06-16 00:15:00', 'ACT', '2024-03-31 00:00:00', 'Cliente preferente', 1);
INSERT INTO public.customer (customer_id, branch_id, unique_key, type_document_id, document_id, first_name, last_name, gender, birth_date, email_address, creation_date, activation_date, last_modified_date, state, closed_date, comments, version) VALUES (13, 1, 'lmn678', 'CID', '20102030406', 'Alexander', 'Lewis', 'M', '1987-07-02', 'alexanderlewis@example.com', '2023-06-16 01:30:00', '2023-06-16 01:30:00', '2023-06-16 01:30:00', 'ACT', '2023-10-31 00:00:00', 'Cliente regular', 1);
INSERT INTO public.customer (customer_id, branch_id, unique_key, type_document_id, document_id, first_name, last_name, gender, birth_date, email_address, creation_date, activation_date, last_modified_date, state, closed_date, comments, version) VALUES (14, 2, 'opq901', 'CID', '2012345678', 'Mia', 'Harris', 'F', '1994-05-25', 'miaharris@example.com', '2023-06-16 02:45:00', '2023-06-16 02:45:00', '2023-06-16 02:45:00', 'ACT', '2024-02-28 00:00:00', 'Cliente preferente', 1);
INSERT INTO public.customer (customer_id, branch_id, unique_key, type_document_id, document_id, first_name, last_name, gender, birth_date, email_address, creation_date, activation_date, last_modified_date, state, closed_date, comments, version) VALUES (15, 3, 'rst234', 'RUC', '20301067003', 'Henry', 'Clark', 'M', '1986-12-13', 'henryclark@example.com', '2023-06-16 04:00:00', '2023-06-16 04:00:00', '2023-06-16 04:00:00', 'ACT', '2023-11-30 00:00:00', 'Cliente regular', 1);
INSERT INTO public.customer (customer_id, branch_id, unique_key, type_document_id, document_id, first_name, last_name, gender, birth_date, email_address, creation_date, activation_date, last_modified_date, state, closed_date, comments, version) VALUES (16, 1, 'uvw567', 'CID', '2098765432', 'Charlotte', 'Young', 'F', '1993-08-08', 'charlotteyoung@example.com', '2023-06-16 05:15:00', '2023-06-16 05:15:00', '2023-06-16 05:15:00', 'ACT', '2023-12-31 00:00:00', 'Nuevo cliente', 1);
INSERT INTO public.customer (customer_id, branch_id, unique_key, type_document_id, document_id, first_name, last_name, gender, birth_date, email_address, creation_date, activation_date, last_modified_date, state, closed_date, comments, version) VALUES (17, 1, 'xyz890', 'RUC', '20102030401', 'Daniel', 'Walker', 'M', '1979-02-28', 'danielwalker@example.com', '2023-06-16 06:30:00', '2023-06-16 06:30:00', '2023-06-16 06:30:00', 'ACT', '2023-09-30 00:00:00', 'Cliente regular', 1);
INSERT INTO public.customer (customer_id, branch_id, unique_key, type_document_id, document_id, first_name, last_name, gender, birth_date, email_address, creation_date, activation_date, last_modified_date, state, closed_date, comments, version) VALUES (18, 1, 'abc901', 'CID', '2112345678', 'Ava', 'Hall', 'F', '1996-01-11', 'avahall@example.com', '2023-06-16 07:45:00', '2023-06-16 07:45:00', '2023-06-16 07:45:00', 'ACT', '2024-01-31 00:00:00', 'Cliente preferente', 1);
INSERT INTO public.customer (customer_id, branch_id, unique_key, type_document_id, document_id, first_name, last_name, gender, birth_date, email_address, creation_date, activation_date, last_modified_date, state, closed_date, comments, version) VALUES (19, 1, 'def234', 'RUC', '20301067004', 'Matthew', 'Allen', 'M', '1984-09-21', 'matthewallen@example.com', '2023-06-16 09:00:00', '2023-06-16 09:00:00', '2023-06-16 09:00:00', 'ACT', '2023-12-31 00:00:00', 'Cliente regular', 1);
INSERT INTO public.customer (customer_id, branch_id, unique_key, type_document_id, document_id, first_name, last_name, gender, birth_date, email_address, creation_date, activation_date, last_modified_date, state, closed_date, comments, version) VALUES (20, 1, 'ghi567', 'CID', '2198765432', 'Grace', 'King', 'F', '1980-06-07', 'graceking@example.com', '2023-06-16 10:15:00', '2023-06-16 10:15:00', '2023-06-16 10:15:00', 'ACT', '2023-11-30 00:00:00', 'Cliente preferente', 1);
INSERT INTO public.customer (customer_id, branch_id, unique_key, type_document_id, document_id, first_name, last_name, gender, birth_date, email_address, creation_date, activation_date, last_modified_date, state, closed_date, comments, version) VALUES (21, 1, 'iek895', 'CID', '1998764532', 'Sandra', 'Armas', 'F', '1981-10-12', 'sandrarmas@example.com', '2023-06-14 00:16:00', '2023-07-16 00:16:00', '2023-06-17 00:16:00', 'ACT', '2024-04-01 00:00:00', 'Cliente preferente', 1);
INSERT INTO public.customer (customer_id, branch_id, unique_key, type_document_id, document_id, first_name, last_name, gender, birth_date, email_address, creation_date, activation_date, last_modified_date, state, closed_date, comments, version) VALUES (22, 1, 'lab135', 'CID', '2010203806', 'Alex', 'Leon', 'M', '1987-08-02', 'alexleon@example.com', '2023-08-16 01:30:00', '2023-08-16 01:30:00', '2023-08-16 01:30:00', 'ACT', '2023-10-30 00:00:00', 'Cliente regular', 1);
INSERT INTO public.customer (customer_id, branch_id, unique_key, type_document_id, document_id, first_name, last_name, gender, birth_date, email_address, creation_date, activation_date, last_modified_date, state, closed_date, comments, version) VALUES (23, 2, 'opa254', 'CID', '2012345673', 'Maite', 'Harson', 'F', '1994-05-25', 'maiteharson@example.com', '2023-06-16 02:45:00', '2023-06-16 02:45:00', '2023-06-16 02:45:00', 'ACT', '2024-02-28 00:00:00', 'Cliente preferente', 1);
INSERT INTO public.customer (customer_id, branch_id, unique_key, type_document_id, document_id, first_name, last_name, gender, birth_date, email_address, creation_date, activation_date, last_modified_date, state, closed_date, comments, version) VALUES (24, 3, 'rsp456', 'RUC', '2030106710', 'Homero', 'Castle', 'M', '1986-12-13', 'homerocastle@example.com', '2023-06-16 04:00:00', '2023-06-16 04:00:00', '2023-06-16 04:00:00', 'ACT', '2023-11-30 00:00:00', 'Cliente regular', 1);
INSERT INTO public.customer (customer_id, branch_id, unique_key, type_document_id, document_id, first_name, last_name, gender, birth_date, email_address, creation_date, activation_date, last_modified_date, state, closed_date, comments, version) VALUES (25, 1, 'uve257', 'CID', '2098765314', 'Charlei', 'Yang', 'F', '1993-08-08', 'charleiyang@example.com', '2023-06-16 05:15:00', '2023-06-16 05:15:00', '2023-06-16 05:15:00', 'ACT', '2023-12-31 00:00:00', 'Nuevo cliente', 1);
INSERT INTO public.customer (customer_id, branch_id, unique_key, type_document_id, document_id, first_name, last_name, gender, birth_date, email_address, creation_date, activation_date, last_modified_date, state, closed_date, comments, version) VALUES (26, 1, 'acu814', 'RUC', '2010201240', 'Danilo', 'Walls', 'M', '1979-03-28', 'danilowalls@example.com', '2023-06-16 06:30:00', '2023-06-16 06:30:00', '2023-06-16 06:30:00', 'ACT', '2023-09-30 00:00:00', 'Cliente regular', 1);
INSERT INTO public.customer (customer_id, branch_id, unique_key, type_document_id, document_id, first_name, last_name, gender, birth_date, email_address, creation_date, activation_date, last_modified_date, state, closed_date, comments, version) VALUES (27, 1, 'brt962', 'CID', '2112344271', 'Agata', 'Carson', 'F', '1996-07-11', 'agatacarson@example.com', '2023-06-16 07:45:00', '2023-06-16 07:45:00', '2023-06-16 07:45:00', 'ACT', '2024-01-31 00:00:00', 'Cliente preferente', 1);
INSERT INTO public.customer (customer_id, branch_id, unique_key, type_document_id, document_id, first_name, last_name, gender, birth_date, email_address, creation_date, activation_date, last_modified_date, state, closed_date, comments, version) VALUES (28, 1, 'erf267', 'RUC', '2030112704', 'Mencia', 'Anders', 'M', '1984-09-21', 'menciaanders@example.com', '2023-06-16 09:00:00', '2023-06-16 09:00:00', '2023-06-16 09:00:00', 'ACT', '2023-12-31 00:00:00', 'Cliente regular', 1);
INSERT INTO public.customer (customer_id, branch_id, unique_key, type_document_id, document_id, first_name, last_name, gender, birth_date, email_address, creation_date, activation_date, last_modified_date, state, closed_date, comments, version) VALUES (29, 1, 'tyi569', 'CID', '2198754432', 'Gaby', 'Owen', 'F', '1980-01-07', 'gabyowen@example.com', '2023-06-16 10:15:00', '2023-06-16 10:15:00', '2023-07-16 10:15:00', 'ACT', '2023-11-30 00:00:00', 'Cliente preferente', 1);
INSERT INTO public.customer (customer_id, branch_id, unique_key, type_document_id, document_id, first_name, last_name, gender, birth_date, email_address, creation_date, activation_date, last_modified_date, state, closed_date, comments, version) VALUES (30, 1, 'ert156', 'CID', '2198767832', 'Silvana', 'Gray', 'F', '1980-04-07', 'silvanagray@example.com', '2023-03-16 10:15:00', '2023-03-16 10:15:00', '2023-08-16 10:15:00', 'ACT', '2023-11-30 00:00:00', 'Cliente preferente', 1);
INSERT INTO public.customer (customer_id, branch_id, unique_key, type_document_id, document_id, first_name, last_name, gender, birth_date, email_address, creation_date, activation_date, last_modified_date, state, closed_date, comments, version) VALUES (31, 6, 'ibc745', 'CID', '1798765432', 'Sofia', 'Adams', 'F', '1981-10-17', 'sofiaadams@example.com', '2023-06-16 00:15:00', '2023-06-16 00:15:00', '2023-06-16 00:15:00', 'ACT', '2024-03-31 00:00:00', 'Cliente preferente', 1);
INSERT INTO public.customer (customer_id, branch_id, unique_key, type_document_id, document_id, first_name, last_name, gender, birth_date, email_address, creation_date, activation_date, last_modified_date, state, closed_date, comments, version) VALUES (32, 7, 'len478', 'RUC', '2010203077', 'Alexander', 'Lewis', 'M', '1987-07-02', 'alexanderlewis@example.com', '2023-06-16 01:30:00', '2023-06-16 01:30:00', '2023-06-16 01:30:00', 'ACT', '2023-10-31 00:00:00', 'Cliente regular', 1);
INSERT INTO public.customer (customer_id, branch_id, unique_key, type_document_id, document_id, first_name, last_name, gender, birth_date, email_address, creation_date, activation_date, last_modified_date, state, closed_date, comments, version) VALUES (33, 7, 'opr921', 'CID', '2012325676', 'Mia', 'Harris', 'F', '1994-05-25', 'miaharris@example.com', '2023-06-16 02:45:00', '2023-06-16 02:45:00', '2023-06-16 02:45:00', 'ACT', '2024-02-28 00:00:00', 'Cliente preferente', 1);
INSERT INTO public.customer (customer_id, branch_id, unique_key, type_document_id, document_id, first_name, last_name, gender, birth_date, email_address, creation_date, activation_date, last_modified_date, state, closed_date, comments, version) VALUES (34, 8, 'rew254', 'RUC', '2030106701', 'Henry', 'Clark', 'M', '1986-12-13', 'henryclark@example.com', '2023-06-16 04:00:00', '2023-06-16 04:00:00', '2023-06-16 04:00:00', 'ACT', '2023-11-30 00:00:00', 'Cliente regular', 1);
INSERT INTO public.customer (customer_id, branch_id, unique_key, type_document_id, document_id, first_name, last_name, gender, birth_date, email_address, creation_date, activation_date, last_modified_date, state, closed_date, comments, version) VALUES (35, 8, 'uvg597', 'CID', '2091165432', 'Charlotte', 'Young', 'F', '1993-08-08', 'charlotteyoung@example.com', '2023-06-16 05:15:00', '2023-06-16 05:15:00', '2023-06-16 05:15:00', 'ACT', '2023-12-31 00:00:00', 'Nuevo cliente', 1);
INSERT INTO public.customer (customer_id, branch_id, unique_key, type_document_id, document_id, first_name, last_name, gender, birth_date, email_address, creation_date, activation_date, last_modified_date, state, closed_date, comments, version) VALUES (36, 9, 'xcd790', 'RUC', '20101030405', 'Daniel', 'Walker', 'M', '1979-02-28', 'danielwalker@example.com', '2023-06-16 06:30:00', '2023-06-16 06:30:00', '2023-06-16 06:30:00', 'ACT', '2023-09-30 00:00:00', 'Cliente regular', 1);
INSERT INTO public.customer (customer_id, branch_id, unique_key, type_document_id, document_id, first_name, last_name, gender, birth_date, email_address, creation_date, activation_date, last_modified_date, state, closed_date, comments, version) VALUES (37, 9, 'afr701', 'CID', '2111345678', 'Ava', 'Hall', 'F', '1996-01-11', 'avahall@example.com', '2023-06-16 07:45:00', '2023-06-16 07:45:00', '2023-06-16 07:45:00', 'ACT', '2024-01-31 00:00:00', 'Cliente preferente', 1);
INSERT INTO public.customer (customer_id, branch_id, unique_key, type_document_id, document_id, first_name, last_name, gender, birth_date, email_address, creation_date, activation_date, last_modified_date, state, closed_date, comments, version) VALUES (38, 10, 'wrt434', 'RUC', '2030067001', 'Matthew', 'Allen', 'M', '1984-09-21', 'matthewallen@example.com', '2023-06-16 09:00:00', '2023-06-16 09:00:00', '2023-06-16 09:00:00', 'ACT', '2023-12-31 00:00:00', 'Cliente regular', 1);
INSERT INTO public.customer (customer_id, branch_id, unique_key, type_document_id, document_id, first_name, last_name, gender, birth_date, email_address, creation_date, activation_date, last_modified_date, state, closed_date, comments, version) VALUES (39, 10, 'gru367', 'CID', '218765432', 'Grace', 'King', 'F', '1980-06-07', 'graceking@example.com', '2023-06-16 10:15:00', '2023-06-16 10:15:00', '2023-06-16 10:15:00', 'ACT', '2023-11-30 00:00:00', 'Cliente preferente', 1);
INSERT INTO public.customer (customer_id, branch_id, unique_key, type_document_id, document_id, first_name, last_name, gender, birth_date, email_address, creation_date, activation_date, last_modified_date, state, closed_date, comments, version) VALUES (40, 6, 'igt345', 'CID', '198464432', 'Sofia', 'Adams', 'F', '1981-10-17', 'sofiaadams@example.com', '2023-06-16 00:15:00', '2023-06-16 00:15:00', '2023-06-16 00:15:00', 'ACT', '2024-03-31 00:00:00', 'Cliente preferente', 1);
INSERT INTO public.customer (customer_id, branch_id, unique_key, type_document_id, document_id, first_name, last_name, gender, birth_date, email_address, creation_date, activation_date, last_modified_date, state, closed_date, comments, version) VALUES (41, 7, 'lzc812', 'RUC', '2010230445', 'Alexander', 'Lewis', 'M', '1987-07-02', 'alexanderlewis@example.com', '2023-06-16 01:30:00', '2023-06-16 01:30:00', '2023-06-16 01:30:00', 'ACT', '2023-10-31 00:00:00', 'Cliente regular', 1);
INSERT INTO public.customer (customer_id, branch_id, unique_key, type_document_id, document_id, first_name, last_name, gender, birth_date, email_address, creation_date, activation_date, last_modified_date, state, closed_date, comments, version) VALUES (42, 7, 'rtj101', 'CID', '2012445677', 'Mia', 'Harris', 'F', '1994-05-25', 'miaharris@example.com', '2023-06-16 02:45:00', '2023-06-16 02:45:00', '2023-06-16 02:45:00', 'ACT', '2024-02-28 00:00:00', 'Cliente preferente', 1);
INSERT INTO public.customer (customer_id, branch_id, unique_key, type_document_id, document_id, first_name, last_name, gender, birth_date, email_address, creation_date, activation_date, last_modified_date, state, closed_date, comments, version) VALUES (43, 8, 'ety714', 'RUC', '2030670012', 'Henry', 'Clark', 'M', '1986-12-13', 'henryclark@example.com', '2023-06-16 04:00:00', '2023-06-16 04:00:00', '2023-06-16 04:00:00', 'ACT', '2023-11-30 00:00:00', 'Cliente regular', 1);
INSERT INTO public.customer (customer_id, branch_id, unique_key, type_document_id, document_id, first_name, last_name, gender, birth_date, email_address, creation_date, activation_date, last_modified_date, state, closed_date, comments, version) VALUES (44, 8, 'seb237', 'CID', '2098715432', 'Charlotte', 'Young', 'F', '1993-08-08', 'charlotteyoung@example.com', '2023-06-16 05:15:00', '2023-06-16 05:15:00', '2023-06-16 05:15:00', 'ACT', '2023-12-31 00:00:00', 'Nuevo cliente', 1);
INSERT INTO public.customer (customer_id, branch_id, unique_key, type_document_id, document_id, first_name, last_name, gender, birth_date, email_address, creation_date, activation_date, last_modified_date, state, closed_date, comments, version) VALUES (45, 9, 'xdf014', 'RUC', '2011203046', 'Daniel', 'Walker', 'M', '1979-02-28', 'danielwalker@example.com', '2023-06-16 06:30:00', '2023-06-16 06:30:00', '2023-06-16 06:30:00', 'ACT', '2023-09-30 00:00:00', 'Cliente regular', 1);
INSERT INTO public.customer (customer_id, branch_id, unique_key, type_document_id, document_id, first_name, last_name, gender, birth_date, email_address, creation_date, activation_date, last_modified_date, state, closed_date, comments, version) VALUES (46, 9, 'ger941', 'CID', '2112315178', 'Ava', 'Hall', 'F', '1996-01-11', 'avahall@example.com', '2023-06-16 07:45:00', '2023-06-16 07:45:00', '2023-06-16 07:45:00', 'ACT', '2024-01-31 00:00:00', 'Cliente preferente', 1);
INSERT INTO public.customer (customer_id, branch_id, unique_key, type_document_id, document_id, first_name, last_name, gender, birth_date, email_address, creation_date, activation_date, last_modified_date, state, closed_date, comments, version) VALUES (47, 10, 'dew224', 'RUC', '2010106701', 'Matthew', 'Allen', 'M', '1984-09-21', 'matthewallen@example.com', '2023-06-16 09:00:00', '2023-06-16 09:00:00', '2023-06-16 09:00:00', 'ACT', '2023-12-31 00:00:00', 'Cliente regular', 1);
INSERT INTO public.customer (customer_id, branch_id, unique_key, type_document_id, document_id, first_name, last_name, gender, birth_date, email_address, creation_date, activation_date, last_modified_date, state, closed_date, comments, version) VALUES (48, 10, 'gri537', 'CID', '2190071032', 'Grace', 'King', 'F', '1980-06-07', 'graceking@example.com', '2023-06-16 10:15:00', '2023-06-16 10:15:00', '2023-06-16 10:15:00', 'ACT', '2023-11-30 00:00:00', 'Cliente preferente', 1);
INSERT INTO public.customer (customer_id, branch_id, unique_key, type_document_id, document_id, first_name, last_name, gender, birth_date, email_address, creation_date, activation_date, last_modified_date, state, closed_date, comments, version) VALUES (49, 6, 'ijq385', 'CID', '1990165432', 'Sofia', 'Adams', 'F', '1981-10-17', 'sofiaadams@example.com', '2023-06-16 00:15:00', '2023-06-16 00:15:00', '2023-06-16 00:15:00', 'ACT', '2024-03-31 00:00:00', 'Cliente preferente', 1);
INSERT INTO public.customer (customer_id, branch_id, unique_key, type_document_id, document_id, first_name, last_name, gender, birth_date, email_address, creation_date, activation_date, last_modified_date, state, closed_date, comments, version) VALUES (50, 7, 'let648', 'RUC', '2010103041', 'Alexander', 'Lewis', 'M', '1987-07-02', 'alexanderlewis@example.com', '2023-06-16 01:30:00', '2023-06-16 01:30:00', '2023-06-16 01:30:00', 'ACT', '2023-10-31 00:00:00', 'Cliente regular', 1);
INSERT INTO public.customer (customer_id, branch_id, unique_key, type_document_id, document_id, first_name, last_name, gender, birth_date, email_address, creation_date, activation_date, last_modified_date, state, closed_date, comments, version) VALUES (51, 7, 'oyq991', 'CID', '2012315671', 'Mia', 'Harris', 'F', '1994-05-25', 'miaharris@example.com', '2023-06-16 02:45:00', '2023-06-16 02:45:00', '2023-06-16 02:45:00', 'ACT', '2024-02-28 00:00:00', 'Cliente preferente', 1);
INSERT INTO public.customer (customer_id, branch_id, unique_key, type_document_id, document_id, first_name, last_name, gender, birth_date, email_address, creation_date, activation_date, last_modified_date, state, closed_date, comments, version) VALUES (52, 8, 'rmt274', 'RUC', '203110601', 'Henry', 'Clark', 'M', '1986-12-13', 'henryclark@example.com', '2023-06-16 04:00:00', '2023-06-16 04:00:00', '2023-06-16 04:00:00', 'ACT', '2023-11-30 00:00:00', 'Cliente regular', 1);
INSERT INTO public.customer (customer_id, branch_id, unique_key, type_document_id, document_id, first_name, last_name, gender, birth_date, email_address, creation_date, activation_date, last_modified_date, state, closed_date, comments, version) VALUES (53, 8, 'rvw547', 'CID', '2098165432', 'Charlotte', 'Young', 'F', '1993-08-08', 'charlotteyoung@example.com', '2023-06-16 05:15:00', '2023-06-16 05:15:00', '2023-06-16 05:15:00', 'ACT', '2023-12-31 00:00:00', 'Nuevo cliente', 1);
INSERT INTO public.customer (customer_id, branch_id, unique_key, type_document_id, document_id, first_name, last_name, gender, birth_date, email_address, creation_date, activation_date, last_modified_date, state, closed_date, comments, version) VALUES (54, 9, 'xqz810', 'RUC', '2011203405', 'Daniel', 'Walker', 'M', '1979-02-28', 'danielwalker@example.com', '2023-06-16 06:30:00', '2023-06-16 06:30:00', '2023-06-16 06:30:00', 'ACT', '2023-09-30 00:00:00', 'Cliente regular', 1);
INSERT INTO public.customer (customer_id, branch_id, unique_key, type_document_id, document_id, first_name, last_name, gender, birth_date, email_address, creation_date, activation_date, last_modified_date, state, closed_date, comments, version) VALUES (55, 9, 'auc951', 'CID', '2112315678', 'Ava', 'Hall', 'F', '1996-01-11', 'avahall@example.com', '2023-06-16 07:45:00', '2023-06-16 07:45:00', '2023-06-16 07:45:00', 'ACT', '2024-01-31 00:00:00', 'Cliente preferente', 1);
INSERT INTO public.customer (customer_id, branch_id, unique_key, type_document_id, document_id, first_name, last_name, gender, birth_date, email_address, creation_date, activation_date, last_modified_date, state, closed_date, comments, version) VALUES (56, 10, 'ddf634', 'RUC', '2030127001', 'Matthew', 'Allen', 'M', '1984-09-21', 'matthewallen@example.com', '2023-06-16 09:00:00', '2023-06-16 09:00:00', '2023-06-16 09:00:00', 'ACT', '2023-12-31 00:00:00', 'Cliente regular', 1);
INSERT INTO public.customer (customer_id, branch_id, unique_key, type_document_id, document_id, first_name, last_name, gender, birth_date, email_address, creation_date, activation_date, last_modified_date, state, closed_date, comments, version) VALUES (57, 10, 'gji564', 'CID', '2198715432', 'Grace', 'King', 'F', '1980-06-07', 'graceking@example.com', '2023-06-16 10:15:00', '2023-06-16 10:15:00', '2023-06-16 10:15:00', 'ACT', '2023-11-30 00:00:00', 'Cliente preferente', 1);
INSERT INTO public.customer (customer_id, branch_id, unique_key, type_document_id, document_id, first_name, last_name, gender, birth_date, email_address, creation_date, activation_date, last_modified_date, state, closed_date, comments, version) VALUES (58, 6, 'ifk315', 'CID', '1908715432', 'Sofia', 'Adams', 'F', '1981-10-17', 'sofiaadams@example.com', '2023-06-16 00:15:00', '2023-06-16 00:15:00', '2023-06-16 00:15:00', 'ACT', '2024-03-31 00:00:00', 'Cliente preferente', 1);
INSERT INTO public.customer (customer_id, branch_id, unique_key, type_document_id, document_id, first_name, last_name, gender, birth_date, email_address, creation_date, activation_date, last_modified_date, state, closed_date, comments, version) VALUES (59, 7, 'lsn628', 'RUC', '20101030445', 'Alexander', 'Lewis', 'M', '1987-07-02', 'alexanderlewis@example.com', '2023-06-16 01:30:00', '2023-06-16 01:30:00', '2023-06-16 01:30:00', 'ACT', '2023-10-31 00:00:00', 'Cliente regular', 1);
INSERT INTO public.customer (customer_id, branch_id, unique_key, type_document_id, document_id, first_name, last_name, gender, birth_date, email_address, creation_date, activation_date, last_modified_date, state, closed_date, comments, version) VALUES (60, 7, 'opb921', 'CID', '2012315674', 'Mia', 'Harris', 'F', '1994-05-25', 'miaharris@example.com', '2023-06-16 02:45:00', '2023-06-16 02:45:00', '2023-06-16 02:45:00', 'ACT', '2024-02-28 00:00:00', 'Cliente preferente', 1);
INSERT INTO public.customer (customer_id, branch_id, unique_key, type_document_id, document_id, first_name, last_name, gender, birth_date, email_address, creation_date, activation_date, last_modified_date, state, closed_date, comments, version) VALUES (61, 8, 'rrt244', 'RUC', '2010206701', 'Henry', 'Clark', 'M', '1986-12-13', 'henryclark@example.com', '2023-06-16 04:00:00', '2023-06-16 04:00:00', '2023-06-16 04:00:00', 'ACT', '2023-11-30 00:00:00', 'Cliente regular', 1);
INSERT INTO public.customer (customer_id, branch_id, unique_key, type_document_id, document_id, first_name, last_name, gender, birth_date, email_address, creation_date, activation_date, last_modified_date, state, closed_date, comments, version) VALUES (62, 8, 'ubw517', 'CID', '2098165532', 'Charlotte', 'Young', 'F', '1993-08-08', 'charlotteyoung@example.com', '2023-06-16 05:15:00', '2023-06-16 05:15:00', '2023-06-16 05:15:00', 'ACT', '2023-12-31 00:00:00', 'Nuevo cliente', 1);
INSERT INTO public.customer (customer_id, branch_id, unique_key, type_document_id, document_id, first_name, last_name, gender, birth_date, email_address, creation_date, activation_date, last_modified_date, state, closed_date, comments, version) VALUES (63, 9, 'xdz990', 'RUC', '20112030405', 'Daniel', 'Walker', 'M', '1979-02-28', 'danielwalker@example.com', '2023-06-16 06:30:00', '2023-06-16 06:30:00', '2023-06-16 06:30:00', 'ACT', '2023-09-30 00:00:00', 'Cliente regular', 1);
INSERT INTO public.customer (customer_id, branch_id, unique_key, type_document_id, document_id, first_name, last_name, gender, birth_date, email_address, creation_date, activation_date, last_modified_date, state, closed_date, comments, version) VALUES (64, 9, 'asd931', 'CID', '2112345128', 'Ava', 'Hall', 'F', '1996-01-11', 'avahall@example.com', '2023-06-16 07:45:00', '2023-06-16 07:45:00', '2023-06-16 07:45:00', 'ACT', '2024-01-31 00:00:00', 'Cliente preferente', 1);
INSERT INTO public.customer (customer_id, branch_id, unique_key, type_document_id, document_id, first_name, last_name, gender, birth_date, email_address, creation_date, activation_date, last_modified_date, state, closed_date, comments, version) VALUES (65, 10, 'dse734', 'RUC', '2070061001', 'Matthew', 'Allen', 'M', '1984-09-21', 'matthewallen@example.com', '2023-06-16 09:00:00', '2023-06-16 09:00:00', '2023-06-16 09:00:00', 'ACT', '2023-12-31 00:00:00', 'Cliente regular', 1);
INSERT INTO public.customer (customer_id, branch_id, unique_key, type_document_id, document_id, first_name, last_name, gender, birth_date, email_address, creation_date, activation_date, last_modified_date, state, closed_date, comments, version) VALUES (66, 10, 'grn537', 'CID', '2198761432', 'Grace', 'King', 'F', '1980-06-07', 'graceking@example.com', '2023-06-16 10:15:00', '2023-06-16 10:15:00', '2023-06-16 10:15:00', 'ACT', '2023-11-30 00:00:00', 'Cliente preferente', 1);
INSERT INTO public.customer (customer_id, branch_id, unique_key, type_document_id, document_id, first_name, last_name, gender, birth_date, email_address, creation_date, activation_date, last_modified_date, state, closed_date, comments, version) VALUES (67, 6, 'iur315', 'CID', '2998761432', 'Sofia', 'Adams', 'F', '1981-10-17', 'sofiaadams@example.com', '2023-06-16 00:15:00', '2023-06-16 00:15:00', '2023-06-16 00:15:00', 'ACT', '2024-03-31 00:00:00', 'Cliente preferente', 1);
INSERT INTO public.customer (customer_id, branch_id, unique_key, type_document_id, document_id, first_name, last_name, gender, birth_date, email_address, creation_date, activation_date, last_modified_date, state, closed_date, comments, version) VALUES (68, 7, 'lfh618', 'RUC', '2010103040', 'Alexander', 'Lewis', 'M', '1987-07-02', 'alexanderlewis@example.com', '2023-06-16 01:30:00', '2023-06-16 01:30:00', '2023-06-16 01:30:00', 'ACT', '2023-10-31 00:00:00', 'Cliente regular', 1);
INSERT INTO public.customer (customer_id, branch_id, unique_key, type_document_id, document_id, first_name, last_name, gender, birth_date, email_address, creation_date, activation_date, last_modified_date, state, closed_date, comments, version) VALUES (69, 7, 'oty201', 'CID', '2012345618', 'Mia', 'Harris', 'F', '1994-05-25', 'miaharris@example.com', '2023-06-16 02:45:00', '2023-06-16 02:45:00', '2023-06-16 02:45:00', 'ACT', '2024-02-28 00:00:00', 'Cliente preferente', 1);
INSERT INTO public.customer (customer_id, branch_id, unique_key, type_document_id, document_id, first_name, last_name, gender, birth_date, email_address, creation_date, activation_date, last_modified_date, state, closed_date, comments, version) VALUES (70, 8, 'res234', 'RUC', '2030167001', 'Henry', 'Clark', 'M', '1986-12-13', 'henryclark@example.com', '2023-06-16 04:00:00', '2023-06-16 04:00:00', '2023-06-16 04:00:00', 'ACT', '2023-11-30 00:00:00', 'Cliente regular', 1);


--CUSTOMER_PHONE

INSERT INTO public.customer_phone(
	customer_phone_id, customer_id, phone_type, phone_number, is_default, version)
	VALUES (1, 1, 'HOM', '1234567890', true, 1),
(2, 1, 'MOB', '9876543210', false, 1),
(3, 2, 'HOM', '5678901234', true, 1),
(4, 3, 'HOM', '4321098765', true, 1),
(5, 4, 'MOB', '9012345678', false, 1),
(6, 5, 'HOM', '3456789012', true, 1),
(7, 6, 'OFF', '7890123456', true, 1),
(8, 7, 'OFF', '2345678901', false, 1),
(9, 8, 'OFF', '6789012345', true, 1),
(10, 9, 'HOM', '0123456789', true, 1),
(11, 10, 'MOB', '8901234567', false, 1),
(12, 11, 'HOM', '3456789012', true, 1),
(13, 12, 'OFF', '2345678901', true, 1),
(14, 13, 'OFF', '6789012345', false, 1),
(15, 14, 'HOM', '0123456789', true, 1),
(16, 15, 'OFF', '8901234567', true, 1),
(17, 16, 'HOM', '4567890123', false, 1),
(18, 17, 'MOB', '7890123456', true, 1),
(19, 18, 'MOB', '2345678901', true, 1),
(20, 19, 'HOM', '5678901234', false, 1);

--GROUP_COMPANY

INSERT INTO public.group_company(
	group_company_id, branch_id, location_id, unique_key, group_name, email_address, phone_number, line1, line2, latitude, longitude, creation_date, activation_date, last_modified_date, state, closed_date, comments, version)
	VALUES (1, 1, 1, 'GCP0001', 'Company A', 'companya@example.com', '+123456789', 'Address Line 1', 'Address Line 2', 40.7128, -74.0060, '2023-06-15 10:00:00', '2023-06-15 10:00:00', '2023-06-15 10:00:00', 'ACT', '2023-06-15 10:00:00', 'Comment 1', 1),
    (2, 2, 1, 'GCP0002', 'Company B', 'companyb@example.com', '+987654321', 'Address Line 3', 'Address Line 4', 34.0522, -118.2437, '2023-06-15 11:00:00', '2023-06-15 11:00:00', '2023-06-15 11:00:00', 'ACT', '2023-06-15 10:00:00', 'Comment 2', 1),
    (3, 3, 1, 'GCP0003', 'Company C', 'companyc@example.com', '+1122334455', 'Address Line 5', 'Address Line 6', 51.5074, -0.1278, '2023-06-15 12:00:00', '2023-06-15 12:00:00', '2023-06-15 12:00:00', 'ACT', '2023-07-15 10:00:00', 'Comment 3', 1),
    (4, 4, 1, 'GCP0004', 'Company D', 'companyd@example.com', '+9988776655', 'Address Line 7', 'Address Line 8', 35.6895, 139.6917, '2023-06-15 13:00:00', '2023-06-15 13:00:00', '2023-06-15 13:00:00', 'ACT', '2023-08-15 10:00:00', 'Comment 4', 1),
    (5, 5, 1, 'GCP0005', 'Company E', 'companye@example.com', '+1122334455', 'Address Line 9', 'Address Line 10', 52.5200, 13.4050, '2023-06-15 14:00:00', '2023-06-15 14:00:00', '2023-06-15 14:00:00', 'ACT', '2023-09-15 10:00:00', 'Comment 5', 1),
    (6, 6, 1, 'GCP0006', 'Company F', 'companyf@example.com', '+9988776655', 'Address Line 11', 'Address Line 12', 55.7558, 37.6176, '2023-06-15 15:00:00', '2023-06-15 15:00:00', '2023-06-15 15:00:00', 'ACT', '2023-10-15 10:00:00', 'Comment 6', 1),
    (7, 7, 1, 'GCP0007', 'Company G', 'companyg@example.com', '+1122334455', 'Address Line 13', 'Address Line 14', 48.8566, 2.3522, '2023-06-15 16:00:00', '2023-06-15 16:00:00', '2023-06-15 16:00:00', 'ACT', '2023-11-15 10:00:00','Comment 7', 1),
    (8, 8, 1, 'GCP0008', 'Company H', 'companyh@example.com', '+9988776655', 'Address Line 15', 'Address Line 16', 37.7749, -122.4194, '2023-06-15 17:00:00', '2023-06-15 17:00:00', '2023-06-15 17:00:00', 'ACT', '2023-04-15 10:00:00', 'Comment 8', 1),
    (9, 9, 1, 'GCP0009', 'Company I', 'companyi@example.com', '+1122334455', 'Address Line 17', 'Address Line 18', 41.3851, 2.1734, '2023-06-15 18:00:00', '2023-06-15 18:00:00', '2023-06-15 18:00:00', 'ACT', '2023-01-15 10:00:00', 'Comment 9', 1),
    (10, 10, 1, 'GCP0010', 'Company J', 'companyj@example.com', '+9988776655', 'Address Line 19', 'Address Line 20', 52.3702, 4.8952, '2023-06-15 19:00:00', '2023-06-15 19:00:00', '2023-06-15 19:00:00', 'ACT', '2023-06-15 10:00:00', 'Comment 10', 1),
    (11, 11, 1, 'GCP0011', 'Company K', 'companyk@example.com', '+1122334455', 'Address Line 21', 'Address Line 22', 51.5074, -0.1278, '2023-06-15 20:00:00', '2023-06-15 20:00:00', '2023-06-15 20:00:00', 'ACT', '2023-06-15 10:00:00', 'Comment 11', 1),
    (12, 12, 1, 'GCP0012', 'Company L', 'companyl@example.com', '+9988776655', 'Address Line 23', 'Address Line 24', 35.6895, 139.6917, '2023-06-15 21:00:00', '2023-06-15 21:00:00', '2023-06-15 21:00:00', 'ACT', '2023-06-15 10:00:00', 'Comment 12', 1),
    (13, 13, 1, 'GCP0013', 'Company M', 'companym@example.com', '+1122334455', 'Address Line 25', 'Address Line 26', 40.7128, -74.0060, '2023-06-15 22:00:00', '2023-06-15 22:00:00', '2023-06-15 22:00:00', 'ACT', '2023-06-15 10:00:00', 'Comment 13', 1),
	(14, 14, 1, 'GCP0014', 'Company G', 'companyg@example.com', '+1122334455', 'Address Line 13', 'Address Line 14', 48.8566, 2.3522, '2023-06-15 16:00:00', '2023-06-15 16:00:00', '2023-06-15 16:00:00', 'ACT', '2023-06-15 10:00:00', 'Comment 7', 1),
    (15, 15, 1, 'GCP0015', 'Company H', 'companyh@example.com', '+9988776655', 'Address Line 15', 'Address Line 16', 37.7749, -122.4194, '2023-06-15 17:00:00', '2023-06-15 17:00:00', '2023-06-15 17:00:00', 'ACT', '2023-06-15 10:00:00', 'Comment 8', 1),
    (16, 16, 1, 'GCP0016', 'Company I', 'companyi@example.com', '+1122334455', 'Address Line 17', 'Address Line 18', 41.3851, 2.1734, '2023-06-15 18:00:00', '2023-06-15 18:00:00', '2023-06-15 18:00:00', 'ACT', '2023-06-15 10:00:00', 'Comment 9', 1),
    (17, 17, 1, 'GCP0017', 'Company J', 'companyj@example.com', '+9988776655', 'Address Line 19', 'Address Line 20', 52.3702, 4.8952, '2023-06-15 19:00:00', '2023-06-15 19:00:00', '2023-06-15 19:00:00', 'ACT', '2023-06-15 10:00:00', 'Comment 10', 1),
    (18, 18, 1, 'GCP0018', 'Company K', 'companyk@example.com', '+1122334455', 'Address Line 21', 'Address Line 22', 51.5074, -0.1278, '2023-06-15 20:00:00', '2023-06-15 20:00:00', '2023-06-15 20:00:00', 'ACT', '2023-06-15 10:00:00', 'Comment 11', 1),
    (19, 19, 1, 'GCP0019', 'Company L', 'companyl@example.com', '+9988776655', 'Address Line 23', 'Address Line 24', 35.6895, 139.6917, '2023-06-15 21:00:00', '2023-06-15 21:00:00', '2023-06-15 21:00:00', 'ACT', '2023-06-15 10:00:00', 'Comment 12', 1),
    (20, 20, 1, 'GCP0020', 'Company M', 'companym@example.com', '+1122334455', 'Address Line 25', 'Address Line 26', 40.7128, -74.0060, '2023-06-15 22:00:00', '2023-06-15 22:00:00', '2023-06-15 22:00:00', 'ACT', '2023-06-15 10:00:00', 'Comment 13', 1);



-- CUSTOMER_ADDRESS

INSERT INTO public.customer_address(
	customer_address_id, customer_id, location_id, type_address, line1, line2, latitude, longitude, is_default, state, version)
	VALUES  (1, 1, 2, 'HOM', 'Calle Principal 1', '', 123.456, -78.901, TRUE, 'ACT', 1),
            (2, 2, 2, 'HOM', 'Avenida Central 5', '', 456.789, -12.345, TRUE, 'ACT', 1),
    (3, 3, 3, 'HOM', 'Calle Secundaria 3', 'Edificio Alameda', 789.012, -45.678, TRUE, 'ACT', 1),
    (4, 4, 4, 'HOM', 'Paseo Marítimo 10', 'Apartamento 502', 234.567, -89.012, TRUE, 'ACT', 1),
    (5, 5, 5, 'HOM', 'Avenida Principal', 'Casa #15', 567.890, -23.456, TRUE, 'ACT', 1),
    (6, 6, 6, 'HOM', 'Calle Central 8', '', 901.234, -56.789, TRUE, 'ACT', 1),
    (7, 7, 7, 'OFF', 'Avenida Principal 25', 'Oficina 301', 345.678, -90.123, TRUE, 'ACT', 1),
    (8, 8, 8, 'OFF', 'Calle Secundaria 12', '', 678.901, -34.567, TRUE, 'ACT', 1),
    (9, 9, 9, 'HOM', 'Avenida Central 7', 'Piso 4', 12.345, -67.890, TRUE, 'ACT', 1),
    (10, 10, 10, 'HOM', 'Calle Principal 20', '', 345.678, -90.123, TRUE, 'ACT', 1),
    (11, 11, 11, 'OFF', 'Avenida Marítima 15', 'Apartamento 101', 678.901, -23.456, TRUE, 'ACT', 1),
    (12, 12, 12, 'HOM', 'Calle Central 3', '', 901.234, -56.789, TRUE, 'ACT', 1),
    (13, 13, 13, 'OFF', 'Avenida Principal 10', 'Local Comercial 5', 234.567, -89.012, TRUE, 'ACT', 1),
    (14, 14, 14, 'HOM', 'Calle Secundaria 5', '', 567.890, -12.345, TRUE, 'ACT', 1),
    (15, 15, 15, 'HOM', 'Avenida Central 2', 'Piso 6', 890.123, -45.678, TRUE, 'ACT', 1),
    (16, 16, 16, 'HOM', 'Calle Principal 8', '', 123.456, -78.901, TRUE, 'ACT', 1),
    (17, 17, 17, 'HOM', 'Avenida Marítima 20', 'Apartamento 202', 456.789, -12.345, TRUE, 'ACT', 1),
    (18, 18, 18, 'OFF', 'Calle Central 5', '', 789.012, -45.678, TRUE, 'ACT', 1),
    (19, 19, 19, 'HOM', 'Avenida Principal 12', 'Oficina 502', 123.456, -78.901, TRUE, 'ACT', 1),
    (20, 20, 20, 'OFF', 'Calle Secundaria 10', '', 456.789, -12.345, TRUE, 'ACT', 1);

--GROUP_ROLE

INSERT INTO public.group_role(
	group_role_id, group_role_name, version)
	VALUES  ('LR', 'Legal Representative', 1),
    ('SH', 'Shareholder', 1),
    ('POA', 'Power of Attorney', 1),
    ('ADMIN', 'Administrator', 1),
    ('USER', 'User', 1),
    ('EMP', 'Employee', 1),
    ('MGR', 'Manager', 1),
    ('CONS', 'Consultant', 1),
    ('PART', 'Partner', 1),
    ('EXEC', 'Executive', 1),
    ('CLI', 'Client', 1),
    ('SUP', 'Supplier', 1),
    ('VEN', 'Vendor', 1),
    ('CUST', 'Customer', 1),
    ('STAFF', 'Staff', 1),
    ('ASSOC', 'Associate', 1),
    ('TRUST', 'Trustee', 1),
    ('BEN', 'Beneficiary', 1),
    ('DIR', 'Director', 1),
    ('OFF', 'Officer', 1);


--GROUP_COMPANY_MEMBER


INSERT INTO public.group_company_member(
	group_company_id, group_role_id, customer_id, state, creation_date, last_modified_date, version)
	VALUES  (1, 'LR', 1, 'ACT', '2023-06-15 10:00:00', '2023-06-15 10:00:00', 1),
    (1, 'SH', 2, 'ACT', '2023-06-15 11:00:00', '2023-06-15 11:00:00', 1),
    (1, 'POA', 3, 'ACT', '2023-06-15 12:00:00', '2023-06-15 12:00:00', 1),
    (2, 'LR', 4, 'ACT', '2023-06-15 13:00:00', '2023-06-15 13:00:00', 1),
    (2, 'SH', 5, 'ACT', '2023-06-15 14:00:00', '2023-06-15 14:00:00', 1),
    (2, 'POA', 6, 'ACT', '2023-06-15 15:00:00', '2023-06-15 15:00:00', 1),
    (3, 'LR', 7, 'ACT', '2023-06-15 16:00:00', '2023-06-15 16:00:00', 1),
    (3, 'SH', 8, 'ACT', '2023-06-15 17:00:00', '2023-06-15 17:00:00', 1),
    (3, 'POA', 9, 'ACT', '2023-06-15 18:00:00', '2023-06-15 18:00:00', 1),
    (4, 'LR', 10, 'ACT', '2023-06-15 19:00:00', '2023-06-15 19:00:00', 1),
    (4, 'SH', 11, 'ACT', '2023-06-15 20:00:00', '2023-06-15 20:00:00', 1),
    (4, 'POA', 12, 'ACT', '2023-06-15 21:00:00', '2023-06-15 21:00:00', 1),
    (5, 'LR', 13, 'ACT', '2023-06-15 22:00:00', '2023-06-15 22:00:00', 1),
    (5, 'SH', 14, 'ACT', '2023-06-15 23:00:00', '2023-06-15 23:00:00', 1),
    (5, 'POA', 15, 'ACT', '2023-06-16 10:00:00', '2023-06-16 10:00:00', 1),
    (6, 'LR', 16, 'ACT', '2023-06-16 11:00:00', '2023-06-16 11:00:00', 1),
    (6, 'SH', 17, 'ACT', '2023-06-16 12:00:00', '2023-06-16 12:00:00', 1),
    (6, 'POA', 18, 'ACT', '2023-06-16 13:00:00', '2023-06-16 13:00:00', 1),
    (7, 'LR', 19, 'ACT', '2023-06-16 14:00:00', '2023-06-16 14:00:00', 1),
    (7, 'SH', 20, 'ACT', '2023-06-16 15:00:00', '2023-06-16 15:00:00', 1),
    (7, 'POA', 21, 'ACT', '2023-06-16 16:00:00', '2023-06-16 16:00:00', 1);